id,name,quality,image_name,description,drop_weight,created_at,item_type
54,石头,white,stone.webp,一块普通的石头,20001,2026-06-18 23:28:38.31292+08,material
55,枯枝,white,,秋日从枝头落下的叹息,20000,2026-06-18 23:28:38.31292+08,collection
56,白色卡片,white,,无字，却写满了沉默,20000,2026-06-18 23:28:38.31292+08,collection
57,半张草稿纸,white,,答案早已随风散去,20000,2026-06-18 23:28:38.31292+08,collection
58,粉笔灰,white,,阳光里浮动的尘埃,20000,2026-06-18 23:28:38.31292+08,collection
59,过期借书证,white,,还书日期停在某个遥远的明天,20000,2026-06-18 23:28:38.31292+08,collection
60,银杏落叶,white,,金黄的一小块秋,20000,2026-06-18 23:28:38.31292+08,collection
61,牢大国窖,green,,550ml,8000,2026-06-18 23:28:38.31292+08,collection
62,雁栖湖鹅卵石,green,,被湖水打磨了千年的圆润,8000,2026-06-18 23:28:38.31292+08,collection
63,纸条,green,,纸条还在，人已不知去向,8000,2026-06-18 23:28:38.31292+08,collection
64,期末复习PPT,green,,字字句句，皆是挣扎,8000,2026-06-18 23:28:38.31292+08,collection
65,导师的留言,green,,"""这个课题很有意思""",8000,2026-06-18 23:28:38.31292+08,collection
66,咖啡,green,,七杯苦涩换一夜清醒,8000,2026-06-18 23:28:38.31292+08,collection
67,学术会议胸牌,green,,挂在胸口的半日身份,8000,2026-06-18 23:28:38.31292+08,collection
68,牢大的篮球,blue,"data:image/jpeg;base64,/9j/4AAQSkZJRgABAQAAAQABAAD/2wBDAAoHBwgHBgoICAgLCgoLDhgQDg0NDh0VFhEYIx8lJCIfIiEmKzcvJik0KSEiMEExNDk7Pj4+JS5ESUM8SDc9Pjv/2wBDAQoLCw4NDhwQEBw7KCIoOzs7Ozs7Ozs7Ozs7Ozs7Ozs7Ozs7Ozs7Ozs7Ozs7Ozs7Ozs7Ozs7Ozs7Ozs7Ozs7Ozv/wgARCADMAMwDASIAAhEBAxEB/8QAGwAAAgMBAQEAAAAAAAAAAAAAAAECAwUEBgf/xAAZAQEAAwEBAAAAAAAAAAAAAAAAAQIDBAX/2gAMAwEAAhADEAAAAfZoAAAAAQzgzqX9BDylNdPWvyCifaS8T0TX1xgat8+oC1QAABiYgAAAjh1t3YtEcOoQqatCBAIEAlMau/4uemPuDK1duUAkNMQARliVmjgI8/cJxrYGQiOIIJOIEQAjKI/RecWmXvjM09+MackAcfnOrh5+sKOSmmisktTSposFC9o5l0ieZ2xk581ZoGWzROToi3R7bwPodMPQtPXBcnXgVnJzujrw687q6FS6kpRaKebamisnrmvSZJLUjIpqIQIiVc3erU4O6PJpn9Ledo68p5r0vlaa0RFzdoNQcozmKcvVz9uanSztOWdwb2RMa8ZGHVBSZFCHFoipQtHpt3y/qOjhPHex8dnrCqXPl0ym6Zrdfx3wlk6ORthfpcfTW757saJ3o8nNFtJcId1caYm1IlIBOt63ynq9+M8p6vCrbFhYufsjVeIrjeTEcHfxNcdW3OqrL4Etuf08ZLl9CKcUIaEiIouu9PRelw9zfjM7RjNfDWLi5u7udbppJxY8fW5755ivntz1cGizVrcefrlEEqLSFGPHal8Ft6Zeq6B7cyAMfz3t/LYdOHXpOmvH0U8yNF5bNOObGWoZaNNZqRpV8NyVV22nF0OtL9ti+q25hp3yQAUXkPFU+y8pz9lRW895kUTIom60TUUhpRmSJXappV+115pSDXnGmIAAAqtDzGT7zjy6PHGrlY9AQcXmUyRJJDhZqXzxPQ7nTtzDC+QADTBMEMEMEMFCwMzn2itsFb5E4vX3kwmy1UMEMEMEwP/EACsQAAICAQIFAwQDAQEAAAAAAAECAAMEERMFEBIUICEwQSIjMTMVJEA0UP/aAAgBAQABBQL2yyib1U3a4CD/AJHy60j51hjWu/iuRakTiBleRXb79uUtcsuez26c565Xalq+0ToL8ov7yWNW2NmLb7P4mRkbh/wYeX1+xl3anw+PD8+zh5O/X45Fu3WfE2IIciuHKrhy1ndrO7Wd0k7mudxUSLEPjVaabEYOnhkW7lusZ1SNlibt7zt7WgxJ2tc7eubFU2K5s1TYrhxq4cZIcSbNqTcuSDIUwMGE4Zd4ZFm3S7hAbbbYuJFqReWnh8T5n58WrVoaCILGWUW7do9efEreiLSWM18GOgN1k37NaOp5dbYttF77usPr5kagoazgWbmHyzBrleVn6wCx+mIqrLukir93L48+FH7PK5uq3ys/XWQLDp1MimKZt7WUZ8z58uFt97kfzGfpO/A5i29XJ/1mVpuWbgZnbpXIHqfAzqWbtcLrqGDcuG/9XJ/R3bpBdTPp6tyrXSrTqWFw6ayk7Y0Ww+lVRsL3WI5t27tdqwnYZiFPQKWE25tARVC8uFj+xyyB03kBptJOkdfbp07ImyIR9JMZtmtSoW69XQflofZ4UPucuIL6+R/GP635DgZFtycz6Hl8GfPMtoOFJ043LOTrxlbq86FbdsH9pKxoKl6j6Q66mfM+eWsZtIoJNFe1TyIBGTR02C7Q6+O2yQ4jkmnIhxrmIxPq11OnL515M2kNpaLXOH07uR4Z1PUrKrg0Mh33SDIrMDA+Ppy19J6wughyUm5bZBj+ugUTDo7ejxyqNmzk2PW0bEm1krOrKE3753Nk7p53NhhsyGn9kzt7WgxVgqrXlry4bi9beVtYtS2pqX5a+XzNfLCwu5IAUed1K3JdS9De6TMXCfKKItaey6LYt+A6e4NWbG4Z712LXdLeH2pG6kPJmYQEkazWLXZZKeF2MaqKqB/gZVYNgY7T+Lph4Uk/ikg4XREwsev/AMX/xAAkEQACAQMEAwEAAwAAAAAAAAAAAQIDETEQEyBREiFBMCNCYf/aAAgBAwEBPwHgoNmyzZHRY4tZ5xi5YI00uNidJPA1bPCKu7EYqKt+E4XMa042Q5pZNy+EXqP4fyFqnZaoXqdG5bKFJPBVj90jks5f4KCWkpqORVU3ZG6r24OCY01pSV5cKvtopL2Tjh8WTVmUMsbLtfRPsrZRTVkVJWVhzfR5vobfReR89lTJSdpFhxTPBFWPtI80mOTbu+LZJ3Ysil3rNXaZ4O97Dg3hcHJId8vWjL+rPDpl5o3O0bsTdibq+I8pvCPGTyxRSwVJX9cKdS/p82VKnxcoVmsinGWNL6SnFEqrePxU5L6bk+xyb+8v/8QAIxEAAgIBBAIDAQEAAAAAAAAAAAECERIDECBREzEhIjBBYf/aAAgBAgEBPwHg5JHkPIeRCafNtIc2+SnxbpDd/hF1wm7YotmHbKh2XAuB9ComHTKaIPZ+i0hzb2jByHBpWYOuCkxNPbUdLhpfCZqP4Iy/nFC9GqJFLoa6NIm7ZBGP+mK7KR9do+ia+NrZkzTftmNoSSXxxSF62a63i6Ml2ZLvgo2Lpb6i/qMuz6sw6ZgzxswKj2XFei2yK4ThXNIjHlLT6HFratlFsUa/GkYopcv/xAA4EAABAwEDCwEGBQUBAAAAAAABAAIRIRAiMQMSIDAyQVFhcYGRoRMzQLHR4SNCcoLwBFBSYsGi/9oACAEBAAY/AtXUgL3jfK22+VQ/CUvdFdhqq8nQoqPKvt8K66vDXwLzlePbVw++31UsM6uSoZRuuzmmCs11H/PVQNn4H2eU2tx46j2bcN+rlc9ODttx0uZw0qvHlYz0VJVGlbBWyaLZcovLahUcNEPG5BwwOieAoLLzldb5VFLqdSquPhVlbK2AtgIXQtkLBYkKjlLXeCrzZ6qtFIrYcid1RoE78ApcoyYgK+ZVG6HTQ+6izeNCoUsKh4TcoNx0GtWdla8tIlUP2U5yLi44wAjm5QprXGQ4wvqoWGlVS3BMPClucfyiBpuQAXJOAjdROdjwJTP1Kh8L7r7KnbTe3g6bXnnplSSjJw9UBGFE6mNccU0bs+inkvops3eLPtoObxboiBK2d0qc2kwhzMWHooQbHMojeDhjKmcOayc7WcFO7E7t6rJQ3yp82YjytoLFGN1n7bT1U4q8yf8AiLc3BvosDK2T0C6J4E0Fl4Ov/mQcYLSFew+aDjxTjJbBF7gtg53XCqNa1vTio2BOEoNN2GwvyhwWPCFieSpYf02uHNVErCO6zpMqKhb56LpHZZSs51cFxTWYnDurmHFZreSC+X2U2Ydl136WUPAAWtfxppdPT6I8+yb5TN+biAoybAOJi3+Bb1zXLSlFxxc608RVRvGhws5lOfGzxRacM6Ec7pWiN2lAL1n8qUfou6n17aUnsE1nAWwd6Iwc3es3KiFI0JRDHAVmu5TntrvU+2kxxV547lS94hdVh6Wc7a0UZMKXVKk7LK6PtBiMVBEqck7sV+IxYwqOBs+lmH8/7ZK+ttXBUBKutovxHZypYGnaxOl/qcLdmOio/wAqj5/ctmey936L3a2PmtgeFRhH7VwV5yqSVsjQ9u8UGxz56Za5Zrvgc9/ux/6UCg1Ga7yod2PHXyZbk/8ALj0Qa0QBqs1wkKcnebw36zNaC5x3BB/9RX/TXXhXiFLL49VDgWnnbdbPdYRb+Hk3O6BTlnZo4NxUZNgb8DDmg9V7uP00W0/yqZVyrlXKrnnuqZId6/2X/8QAKhAAAgICAQIGAgMBAQEAAAAAAREAITFBUWFxgZGhsdHwEMEw4fEgQFD/2gAIAQEAAT8h/j9RQz/BwHwbwwJQex/8ZIAZxHwJvJ5yhAHmZ7lUcccZHDtPfOX7wehkc1Mq+8Uf53/nlCF7VoKEf41+NxuP8OMjcVP5Dh8xSobGx/GExEBkmNDHk2Y3D+OOsPTf33nhHhXHjfH37uW/x99/xvMASwcRCvi12fwkgGSgIZ+hx16wmNzO7m69O8ojoauWT63u/txXvp6/3NokHA+ICwDrNdnDZQt17w2Hh9On9Q719J/cM2vw1KZ/s+f8DYlPMeITDmeTm+n37UKBX4n9zlWtdH3mC7OyUb0TLYtmsHf9zpi0KV/X3jpnx1XfhwkJsJ+l3jjvEWjberXHYx7wM8Dn+oT8r79qEoo/gxosFEYM7QnV1/6xR1fKFcJ7ZxAML0hI8pavGLELUCvp5EDAvYEgL9qPaMUOyWAAjz8wFr1TIrkdonAR0If9iAaroktQCuxBY1zyI+1FsPb5zi4GHUsLJuEQCz33933jrYqnQjLp1iV+M15WORsQu7Cwf+XByCn97g0oHTJ8oomHn4Q0RIBwAPmNNtuAXjdIAHpzeP6PM03dZz2P6mohxaW+7jVu82Xj4MLUvWNsH7mV9Iez7y2jyQ3u5ljMVjhyxNLVjNqbbW0RjzgfsTGTy4jAgOkcaDv09j/hRZepHQQ0NmESTy49ZYy9A+Zh1je4iB9/yBMb4p+VRDodsAeJS8DMZTbf1jtDt4wSeMXMEUVkkDzxm4SgSMBhg9RTGLhKIk4N0DAOeFzBVCKpY5QQwCNwkAwRYpXVbygRZjLPUZOrWvBQnnxBJKvFbyPKHIbKz8cDH1xHvefeBn4sMMg8Qy13jzMWLjcIAxYOPy1mKJA5MyvHyQABABAVUpHQ5HWDPjoxADwjE0Pr5hLodoQaZS2wBFz1aAPLpbMAxYFAg2v9hF0QCBv+7hRMlhZIsAuhtWoFuQRd0UmNV5RMgsGeAwz8SyvDWG9dRvmdfBD27nejCbyCd3m+unAWMvq/v1TpAqBjrLAHYSy2Q9FfkJ7E9Df7hMNTvM48LfvNrjxi4fxBozWPHiBZvmECbBLZBSggIxa6BYwziCXByQWgVh1S45no3vKFoFXQcg9TqaDSBAOlsG99ok50AyuQC+1VCAAgFFB1VC+BbiDQBWBQFPHY2YMBk+DGlQ+8wvN/cx6n+QxAOEPEfnv4m/xr2jwV94uVVgjuADM5swWF6uCxSAN9VUUhIoSHJUoFFLwCKbzKTQEuYBhdhCjWp+Q4YDA2xBJLQNVDZorIaFB86WVNaMZAFMc9/eN7W8HrY6rmAADGmKYC9GvGIAIAUMDsvAc9xDsrt5l+p2/f4OYUarPI/wB/k7d/wYBohm1VD9wEgVRPL+oXpNBJN2j2xGEBdjeK9PGPP7/fEMcoBUEYTLGEBAtnHHjiF6MwhMApcQxAvcHZBMAdSosxoBXbw/DEJWfIoTkefCI0GGTdMh2B2LcIB0wCm2KXGBmowbEYBIkVW/JoZjdQSD/r8H2hRSmVo+nGlCC+tVwMgXIymZcrwJhnvv1+QR4ITDiDVGHgRoQASQbQnMiAEAPszAUyGCCSLL+nUphVgBpJKgEAjSAW8ilw4cEiVv512hJZPtAuCXCgt+UIrqzBIwWEM8xlkil8AshDXyI9bFDx94GzCIYoX4NTmKIHZ1O41ZbX4lDqekqABQaiQVZ9pfwKQ5PG+8SkIEhdJE+vpCFrmIgHAIa6wYihxxz3gBOjDGH4P3H5Oi2PncAIAcGEuCI8FAAhYCNhHuoWAwIkPl43MDKkieNYwpa2cFkNNdHDAljhseyNieIxCleSGxhnfhAEnuQdM5ZOhcQQ2xJ6aJ3c6LImWFRVI4scOWYYWCDIZIBwdZ77hptoPWLs1sgqEGwhFi4WgmfAzxHQGetaJzHSVDQOJlrmLpfaGEx2n7h+UjaN+N9Yy8nzU3Xox9/cAQsei/dviWBRWFVhhn5TYoeCflesACkMA07CFwlV0PDw3ChYhSj8I5sHrLhJTstMlZV4OIAeNGd7Gq34QEkum6/vIDHjGLYQWeBzusjkygL9T0O8cVgQnlv77esN8dH96w3xMBQTHgOYfIkfKvyVcooCBYqzCUZrvZmX8OMC6IDJQ97lACgh0ofdwPKOBkgM4DPxBAAIfZOCJkm0RxCTOESBJHXRxsYnwTIbxcAmQRYNwgJZZONGazWoAIAB0UcjQzsntH3dj2DvfoIyAxOHbqt7OLMsUrt4H9nM9lzr3I7z6RmEFzB550IHjv1ILj4eP5MxMAjCgCTkA2NQl+6OjABFCODGCUh4wFcjt9s+03i2qz558cShZAC2h4/GogAy0EAadPtR13smL8rhhoARAZo+E74zN2lQs4eQTvfSIE1hhdeLLC4lqIIgAjglbxjAmQycWSDiru1VgCYSgXA7XyQevEIfsP57+8fHLgBZgOsLk09eIsvbzFvMup18/wDND0rqEIAg4MbC4OrNtL/ZzQaRH7lHzABdfeIDsV1FfagNUSB6Pk9THbwXkEnwez01DhWDwbBP7VHZG22xnnqeIDgKa3m+d+0YXeA28enSEoo6OwOc4yXmEgA2xjkFenhH4DvD+N3BnmK1CCQtMr9wVjFwDXnAmAAcCEklAEk0ANmbHLep+r/kgEIwlQ3nx0jYUJdZ6HHlOYDjCAFmA6IbHgvnLTPrAH2hsBN7vjiWMgj0IrgQn0f7QlFXdRlMxYrKAXhhywIMQQGy18Qf0yoFYq2YSqh4wmIOJjt9V/2Hqj6Q/wDCOiI4+Ig4uA1WJkJMcffeXkl7z0ljDrGcV9oQtWSsFn+4yhJN9YqVHXfPvDsCz64/yqh1sioTUJI7wlQmGOwGXUuO0EAAAQA1/AbA6gMgxZ+xiHUcfXpHATuNXzGWDvpBQIqviG8kw4PtCVCYTEQV5n7HygAw6AGv4i0M2jHL/KPmWCRgjMf4f9RmdBN8fkwlbifHADMWUyyAwO532gAAQCA/l0f2xjQo48fCD0HAKOOoH/TQJJZw3+BACYseaPPECwucZeOBDlsyRk9z/wCBRKDwDmrH1GDpH4D+poPuAYNn7ACAfovsJmqebvWAIIf/ABP/2gAMAwEAAgADAAAAEGMMNNnN6+sMMCKMBI5gYenRi0KKF5FCh3QZFgi6KJKshl+tELLT4AwU4Ty3vChYzFgRthGhBNtyg5lV8EFbBPgKm2FXSoOnTCc6F45+1o7AkSZIGxo7x0KKkT73dt1gikKKE43FZAI+JEgKKAALG7iun/wAKEMMMAMn8kMMMIP/xAAlEQEAAgICAgICAgMAAAAAAAABABEhMRBBIFFhcZGhMIGx0fD/2gAIAQMBAT8Q8NeQ7mfeA0zXvNSoze2VyxEyGDEVeBakoDm/BhGIqnnPu2bNF4OzoAlexPiSnslGwy2wTZpgrwRN6naw/c15HHHqsTfGZXO2IdTk/cSmoVj1A4YQTMhrUUfk464ZpLE4FRQ5jsQnYjFCNabYFjbANWnpnDqMupn5OHEe5R3Askt6hIu4tHrHEzrlYQWy5YqDKQ6PcEcnHwhMpKU2GGufvY0ag6jlvgU/BFmav8TtgzDaT2X+J/3Us2P9T/YZ6x9TRpepyKNkM9nF8UR4VT7Dx1mYTOEZcBuos2rMTgfw6BcDbLy//8QAIBEBAAICAgMAAwAAAAAAAAAAAQARITEQIEFRYTCRwf/aAAgBAgEBPxDp5aI8Et6h5CaR7m28RcuXLgscw5giWdAuY6tl9hiqCJZzhDU0ZAmglG0z4s+DL9GW6UmWhjuE8HDRVH62bJm5oJeDNwZfIsXMgYYNk0MeUqJgHuEj0HB2JoSzKQTUB4MCDcxLqWtmiBS49kGW2V7Qq8cV1/UtNQLTPrEBIIH3mUiK5DgNCJZUt/iIkqUE9zCBAW+hoBfIoyL4NytTU+DnbG0lW48R+55MqL5QcMTI1KlQxMwJXBZl67gOY2BKl6uVwg5P4VvE+cC0dv/EACkQAQACAgEDBAIDAQEBAQAAAAERIQAxQVFhcRCBkaGx8MHR4fEgMED/2gAIAQEAAT8Q/wDc5JlZJn1mB+cSYST9N59C39mSYXqD+MkyT/5Os59efVEgC1WAySUeBt5V8TiDL1Ifc19Y9NxpcHgKxKKvEzGdMc6/fbHoJr9/jB8pXVR+8fOFAcNEX4liJrpb3IafkwaC8vxjv2n059efQ36Os59ecnC4JVBZ7v8AB9Ze82aB4P7nFcubb0b/ABk8toz8f4+5k7UUvXz+Ge95dJDvv38UOTtHMBPUP7fzjCZuNfD/AE4p3exzr+/tyC/vf/cmSIRkuLxAHUFHZ/B+c9uwCdE4cn059D0dZz6lRHKIAxrTJDH9J2+emMkaxTc99X+1iEWTo31OvfZeU0WdEqVIn3/I4rJQWk4v6i3hhwlWRTqKGdRxYwfDnNFMIHMgh7gg9dzgIgIqhsLINzEsdurEVGXQlkoB9ynactaYJrnpH4+O9ZAH4+n74xmWN3+/f1i8qceM5sTrfZNJ2ctQqJf4nt8T6c+hv0dZz6OTAVVgDq4uU2mp9X8GNLesoQgmr1/zjLFUWUT1GKlLOuNqCxVFoEk7rziaBQmAKsg+U5DdYqZFmEmhItlGoOWpyVSSOxDIg43tTaEbwi8GDfLbqCWVSJN4M7foFMhVQosGoYcDZCxCbYLRG4+ZqXJyBEmRMSHgu0RPzikkShZXUEk9CF/jEzEXdTzTG+58Ypsrr2sn6cvcU/v84SSLIyIw4JJAQ/A4f1PnD0N+jrOcdY1o9x0fgfnxlxbvEbTu61x7ZZAWNdP+SdeudBEtC9phLWuVrCjGS1BRNShRKuGaxU6oyGNDBHVMR8cZMiIWHUYBG5EYbpaxgEEQwk7CMxCCEIGZ3kQRkHDdjrAyqChY51AlN7DIHYgLsolTjGMORYiEWgghUlI64pOAi2SwL5EhQxhyrTKECxsIggTqU3GSCtIK3auIL2RL1EZIILMN7aOv7OKS3JMlz1+3JFM9pNxX8YMFIEGETSOFNgQPTwPPPf0N+jr0F0ift9fZ+YyXZVfnOMZUgn85JKbcjI94+kwwIDKdg7G5jfftlJSgiOwkJsqN1rKOTleCJAEnbnnJ+IwBDcsgAmZ2cBCSS0hoEtulyYIJKHMehTBYEqc1xmmEpAagBoRwq0Uqj0KREpIpFYLACMpDJpSKDpywESBuEhSqNLa1GRRItnhZwbgJCniHByNGJsy3wsKMrfAyQohRJPQJvtcco9cuS6CG9wFESBPiOmUkiJr4ry9ed46dfOIyvkVs8/mMgBZ1gmG/R16RqOobB37v8ZHkBm4H6fbDhCLKJ08Gr74OX3Dm/l25yyW6M6QNo994kBhmU30YmGtLh1I6Il1Y2O/5x8TwFO4mkqA0kwNI2oQ5WrGJmbWBkuxEJd4zcGos298gAGpMEJBY2BAEd8UsNslAIACQtChtNmPC2RNPiJt0JSOTIUAQA9CkywgDcD21kWEJspgBJ3TdmsCYwQAZEBTtY3RO8mAAq7hHawXwZvgALJmi/AGRQuli1udQh7ZHGNvD+sjDNO6zqJJXk/Qo+7hv0dYjBLQ68vYlzt3gSnYxOSYjt5/ph3o8aD5V4WVaZXDrO+Sz6whD32D1iBh8H802hIYWSVKksaS9Yz2g7BqpG2keNYwVgGikCJSUlFIhUGEG6UKyIsq5bEo74KCA4NTZZiQUBS4kclmwStSlSYAfOOSyFE6hbAKKJUyUGEQ5b2oQaQ5IuY2hKogSRSW4okgttwKbcUJMbrJFZlgItRJUKZNRuVilNACxmWUjtsOrmsWDA6MKk2u2E56kSZHpM3K/nrZU8ZCSLEw/Jx5wbBdJb/DgxkzJvQfC4JcAKOR9OMP3gqjB8Q/OKW2ideX9ZHsCAog/euQBEFwMh79PjCQRCAklO6DTsm9TkAFKKUH7Ied++EjBDtOiqmJOt3kHJUQWLhBCwOI5zXyGPEKodhXDFOElBQCtqWDkN+byVdE4wKKyCB83kyqZKEiiwM2tusk74wJe5jUqacQOLPS6JaQCpwLBEQIKyQiELBBiUpJgZyJsSww8wjlABlKCGAJJpA2Wjkmws0SG7CvACpYErI9zQoBCo2JYDqEMYOjMkQsbntO1SpGVt0m1P4PvGky3CX9v7ywzb2wxkpC3yR9B6cZo8EdKJPnHnPfeLqaLNL8offTLnyGQ/JamuheSOFMNGiuo3Dr2wmKsURBCzjYxwUYKFSS1GXhM8++GlLzIjcFtVFzNby4KVskBa+ANeIydQ8s8IsiOcZ9RA0KrsAEy9N4CU4S7odTBKG0ZWcmtJjuxbYKE2CYSisQowpQSRpQHeIsSINYAghQgyBLesTxJnSUwAhSZEowUxeBVdJDGIgzFlhKNawMAKBOhAs5KBqlijKVz1GHu4Q7BI4ipnaWV9pluN84zytUv9J3ijisCiQSdAKfI+jkSsiR4KPoxZ2T3xIN+ePzP+c7wI4W7CXXv0ngnLANEiIbmE4Cbrc4QEw0FADRzH9ZMiiaU33Dp3xVlDEKNW2Pg1dYGJThYTKe995wzpqmKNscc+InIOWi0hiolmJ1OJNk025CkOwFQ9smZa2oEdoWWPjF0TqhdwibmSuOMCFGLAjG5ETDyYQsTNUWNrxsCpzbG9MFOGEkxPBSOGsMIiblKJkTLMmtEsUZiM4A2QtAiLSDWSlJDfUCXK4iCwPOMoCYSoVPHS3jfXpjxbOv839fOc28ZTwnf/R6OX7cqZe+SSWdrMmUgmuVEjNiQ8OsCkFsNgFIkDd+7uMBJSD7ZsmrLmMBZlwRyKahOBSw3EkEuiG55GOMnpLQVLIDq7l6BiyIEqeQN/jzXXGkGghgl0cIh79clW2JASVAg6G6cVRoRXoASzB6zkHIsJSi1YIOwXN3kJC0Ro20zSqUjk+iAkbJaMgS1BEZLlCaSIpB6EYWiKyImQhd9kNAhQWjWQMSoaRh5TolrkUEYqS41QALEKopMsTJjDZdoS3uSZ3LFrQGDPaIC6qyJY57xxlsCyAReoqIrX94YYv5wxy/39Dkof0C4M+II6j7nyZPdMUUosTot+bykAQAk0HSprme2RCBatIhgQlYEtstmRghqs+JIISDM7pMRCEiwNB5LaWY052wj6AE1OqYS2VimCD2hvq/vesl+bLQMQgUP5PQx7IIFVOoIJLte2CDEmK7BYpyjUGTMIfZFGe629VcLkKRLJis2SD+sJl8gK+iiwKvRswmDZIAJCjNEUqMiwowla/QWRuHDCJWGqlGy6TETkwoBSCJDvKXUdWOZrTYQRYUCS/OTAeUQZLSvlqOJrFUDgS57vLED4xnX4wIPie/9XpFYqkETxR+cheaPBXiPjWNK4EJCTUE29jJ0oC6wJVprzddMbYIRSE4Us9dUY2oUAYpCCWDtsbzhOU8wgzal2URkS1CPQToQRc9d4jQOgbVeO/Su/XCcnNhKXm2wxyyFgRlAeRARORgGIEaMoZgpONc4GeLRT5P3/uAgiAEApUBZVdhgnZIIatXyTyUZMSoTKUOgWIEbIvGEIbAoYICBYzbV5p3IUDJmEllCyQoxFUGWwRLBCCJYbnRhKC5LBUzepudzyxxiFTYxy1/NJDrrLiAh6fX59vjO49LcWA2Tuq/AenGGWtPMWfS/GOuY6YQgWQaAvpXTtJ5yXQqSLDtAy9h+8FBBqXcLFiNe4SMOtAQYJKSAbBQmSc4BBZ7Awo4bg5ASAmViBNzuEuKwvZ6CCSSpYOszoyUcUxgDNm1YLaeuLmsCFwiM0iIve3nKT08X/wB/eMEEFAfN4wrkFYBJCholUEOCClYARCoLSAMQAhcDg2pOTUtA7mZOMRbJGCCgIgFjChk5FNrQqBLsUtRHlwmEJkEo3LG4SJlEWTWM0gpQTFSbhol2rlzcztETPNHtVPt1xiRUVRGuKrI2XMci4DNm6F6D+Q+jrLQiXRKfpcegMh9nc6mLINrcTP1e+8ZEougiV8sjxx75EQCQEHAdpsA1wsmAWdAkSraosLZ1UmLJFUM4uSzT0FsRAziMTEku0CiK8HGnGLiFhKYtB0Sw9qxKTKDLIKrpHHthZSFsAUsKQTUdMUiRgSJCaEATEcxeJWIQRERwVE2iRCUpTYhC0FxwcBRNpKkQhMIq6MZJWM+4yKsiZkq64wIBIUlUEaOgJowXI3lZoMwVSSiwXcQZJIjoWZGgWxAm0XNRi9CVKHylJ6rMG74wgSaVa/f7u3Iecqhbf6MZImoOTBXnBHtx6wlflfRydwgdRpyA6VO4nskeM8Oa1dY/n8YbRDIIyHf9ismlBAAJmua43B7ziQhukZTPYOosFQsxmcOdiUM6KSlsUKjClIBQiBVEmpdhfeEkhhMrTIuUiFMKC+RmUIEylOww8gRBcAsIiTc9PGNR0MoEimzcFG0MeTCKAsShJRZfbIAtKjexLJkCUwRicIAxKQBNEgEspMF5IjJEAkoJbDgJeAKqDsQ3yDDSowCRTFjl0wtiypK9BimEN8A3BDMTKdbvLOwMzJouG531xOIFssdeh75LyBLKQ/3IJaa6XT6fYYejrHFKVCQ5d+z9L0zoEyTfUdj4jKlhnc/OvZwVYFIiX8DtOEFkUdj1hG7XKeUQOOyoAdQL5xxEkowCmyZAFBBbHTIevQ6pJU4QuQuTJkCsBUSq0W0rCkaxWiZS2tgYiCSokcmTMARgVYQNKS3gRbk7ICVKtrshlmAkN4gMwsVJibSyZgSpFOQaATpAmjBAbAligcUq4EzYJwK3oqdMZgFa2G7jSxdy11xHkBQHrPNzXfNEaQ0J6v44wVZdg2hlWmtRhg7sD9vzgJSAEqUB3XKcNO+LwEDxh6OvRAAiQiSJipZZ+wXj7PfG4hdNGQJVS7fyV7cYttUQv3RYvsYuyxJzvkT6yQODdEGr+m8pFCZQkkU6YKgIFbAvsHbEORPSAELqCwkvl640KQmwCaMXVQHTjGQ0WQmLXM8UGieuQjSAMKd23xxqMvaYlHMk+8xe8iIxrXwp2WzoyHY+0gXk6oJpd8GMlFMkuldrWjf+YKA0KBPeOvjCgp2/X2x1htTHtaQXYfA13S8Hob9HWc+kkY6Ta4TuYZJOzPKP56YRO2o/XBjAiWT+2I+3tm3AFsnxevbCQ2CBdHfd7Xn6yEEIGErvewFbVAai8S0iEJlSp2BfULjFeECIuAtC6O3uGRtUiwQhlJYDHIrlgEICfDKGibNGhxEEBQGYsIiwFKxFcuWBILpFZYN3wUrFaiXanRxNwoETO1bwRUsTbLH+yrMzEQhgkkAak8x0enznUUd8MYiOmWAqBIDYeBpTwc4J8QEAKAOD0PR1nPrC2j7RH9c5ppVhUdnh6m/zhyYVskmZN/vi3rnWSrlb2/vBwyzG5JDu+9dfGTtrQVbnu9besZNoYSK0DBS1+xhBZgiaNTBquNfWDkEL6x8k2RN9cGmhCqLER06L9bxSEDdombK8RB9ZKUiZl1drdfqZyBojv+1kBEFOCLY98A6TMUJG/wBAcS4W0g1Azn0N+jrOf/G9cYfZ0e5nWG3b+l99nGQyiAkI9zc+clCR+/vtk3XFnbNK4IC9NHa7cdFStIc0H49jJjkGyPMn70cVe528/wCxn5o8ft4tU8YgEbjLxgKoIUT+ju1k+C2ctx/EV5w0AEAEAdPTn0N+jrOfXn0icLUYIK335OzORxxkoXs2+TxkLa5SfnftgX93hH3VOSOqTMEa45yUtEup7/u8bSoQ49VA6rGRMkYEfdH2wMXt8QMIPEvjD7UIE+ct93H159DfrGRkZGRkZHo7O1I+HJdWufpBj6xXxP8AMwjrf6QZxn/epwb5EfgZCI/i+yWCQABABAZGRkZGRkZGR/8Ag9sj/wCf/9k=",Man! What can I say?,1200,2026-06-18 23:28:38.31292+08,collection
69,推荐信,blue,,字里行间的期许,1200,2026-06-18 23:28:38.31292+08,collection
70,双非录取通知书,blue,,那年夏天，最心动的信封(,1200,2026-06-18 23:28:38.31292+08,collection
71,雁栖湖的星空,blue,,那天晚上，你指着北斗说像勺子,1200,2026-06-18 23:28:38.31292+08,collection
72,双非毕业证,purple,,纸轻如鸿毛，重如前程,300,2026-06-18 23:28:38.31292+08,collection
73,RTX4090,purple,,算力的尽头是显卡,300,2026-06-18 23:28:38.31292+08,collection
74,诺奖得主合影,purple,,人群中踮脚也只拍到肩膀,300,2026-06-18 23:28:38.31292+08,collection
75,sci一区论文,purple,,熬夜熬出的星辰,300,2026-06-18 23:28:38.31292+08,collection
76,zq的亲笔签名,purple,,名人两个字，落笔成永恒,300,2026-06-18 23:28:38.31292+08,collection
77,DEBUG,orange,,代码深处的一声叹息,80,2026-06-18 23:28:38.31292+08,collection
78,菲尔兹奖章,orange,,数学的圣杯，沉甸甸的荣耀,70,2026-06-18 23:28:38.31292+08,collection
79,图灵奖奖章,orange,,计算世界的最高加冕,60,2026-06-18 23:28:38.31292+08,collection
80,爱因斯坦的大脑,orange,,智慧的重量无法称量,50,2026-06-18 23:28:38.31292+08,collection
81,UCAS的时光胶囊,orange,,封存二十年的自己,40,2026-06-18 23:28:38.31292+08,collection
82,ERROR,red,,祂们说，这是一个错误,2,2026-06-18 23:28:38.31292+08,collection
83,创世者的骰子,red,,六面皆是命运，无人能猜,2,2026-06-18 23:28:38.31292+08,collection
84,黑色纸片,white,,一张漆黑的面庞……,20000,2026-06-18 23:38:20.904153+08,collection
85,BUG,red,,一只飞虫,2,2026-06-18 23:48:47.843563+08,collection
86,灯,purple,,黑夜给了黑夜的人一道光,300,2026-06-19 10:43:39.827094+08,collection
87,改名卡,purple,rename_card.webp,使用后可以修改你的昵称,300,2026-06-19 20:00:00+08,consumable
88,端午节福袋,purple,db_bag.webp,打开后获得随机端午节收藏品,0,2026-06-19 20:00:00+08,consumable
89,粽子,blue,zongzi.webp,碧绿的外衣，糯米与叶香的缠绕（端午限定）,0,2026-06-19 20:00:00+08,collection
90,艾草香囊,blue,,驱邪避疫，一缕清芬随身（端午限定）,0,2026-06-19 20:00:00+08,collection
91,龙舟模型,blue,,乘风破浪，百舸争流（端午限定）,0,2026-06-19 20:00:00+08,collection
92,五彩绳,purple,,系在腕间，系住安康（端午限定）,0,2026-06-19 20:00:00+08,collection
93,雄黄酒,orange,realgar_wine.webp,雄黄点额，驱百毒（端午限定）,0,2026-06-19 20:00:00+08,collection
94,《离骚》,orange,lisao.webp,路漫漫其修远兮，吾将上下而求索（端午限定）,0,2026-06-19 20:00:00+08,collection
95,健达奇趣蛋,purple,,人终究因少年不可得之物困其一生……,300,2026-06-19 22:18:31.665182+08,collection
96,破碎王冠,orange,,断颈犹鸣之战，我将一切献给我的子民……,50,2026-06-19 23:43:10.602279+08,collection
97,堕落者之眼,purple,,凝望深渊，坠入深渊,200,2026-06-19 23:48:15.560403+08,collection
98,《母猪的产后护理》,green,,这是一本很有价值的工具书，不是吗？,8000,2026-06-19 23:51:53.47865+08,collection
99,《赤脚医生手册》,green,https://pic1.zhimg.com/v2-adae632047af5bee2678bc4cd54922c0_720w.jpg?source=172ae18b,穿越者必备！,8000,2026-06-19 23:51:55.177832+08,collection
100,萤火虫之墓,blue,,拾光与时光,1200,2026-06-19 23:51:56.637085+08,collection
101,黄铜胆瓶,blue,brass_gall_bottle.webp,打开它的人将第一时间承受他这么多年的怒火——即使不是你的错,1200,2026-06-20 12:38:19.15444+08,collection
102,小麦种子,white,seed_wheat,种植后可收获小麦,10000,2026-06-24 19:30:19.337953+08,seed
103,玉米种子,white,seed_corn,种植后可收获玉米,10000,2026-06-24 19:30:19.337953+08,seed
104,胡萝卜种子,green,seed_carrot,种植后可收获胡萝卜,5000,2026-06-24 19:30:19.337953+08,seed
105,土豆种子,green,seed_potato,种植后可收获土豆,5000,2026-06-24 19:30:19.337953+08,seed
106,草莓种子,blue,seed_strawberry,种植后可收获草莓,2000,2026-06-24 19:30:19.337953+08,seed
107,番茄种子,blue,seed_tomato,种植后可收获番茄,2000,2026-06-24 19:30:19.337953+08,seed
108,西瓜种子,blue,seed_watermelon,种植后可收获西瓜,2000,2026-06-24 19:30:19.337953+08,seed
109,葡萄种子,purple,seed_grape,种植后可收获葡萄,500,2026-06-24 19:30:19.337953+08,seed
113,小麦,white,crop_wheat,最基础的农作物,0,2026-06-24 19:59:31.726198+08,material
114,玉米,white,crop_corn,金黄的玉米,0,2026-06-24 19:59:31.726198+08,material
115,胡萝卜,green,crop_carrot,营养丰富的胡萝卜,0,2026-06-24 19:59:31.726198+08,material
116,土豆,green,crop_potato,香甜的土豆,0,2026-06-24 19:59:31.726198+08,material
117,草莓,blue,crop_strawberry,酸甜可口的草莓,0,2026-06-24 19:59:31.726198+08,material
118,番茄,blue,crop_tomato,红润的番茄,0,2026-06-24 19:59:31.726198+08,material
119,西瓜,blue,crop_watermelon,夏天的解暑神器,0,2026-06-24 19:59:31.726198+08,material
120,葡萄,purple,crop_grape,多汁的葡萄,0,2026-06-24 19:59:31.726198+08,material